objectPath,objectName,objectType,id
/Explore/Dynamic SCD Type-2,MT_CreateTable_Snowflake,MTT,4qu4lKyS5aVet4I0K9rAuB
/Explore/Dynamic SCD Type-2,MT_SQL_Snowflake_SCD2,MTT,eZRkth6CYAEkIznesXabUP
/SYS,Akshat,AgentGroup,2ySd5YIyAUjd18nYz0zwc8
/SYS,Test_DB,Connection,5lXhDiZc1WcgqMwd3tp8kF
/Explore,Dynamic SCD Type-2,Project,2bGwZsfHCTBjcgMlbUdaku
/SYS,DWH_Snowflake_update,Connection,5Nqj6ODds2HctiPoBx6iWZ
/Explore/Dynamic SCD Type-2,MT_Dynamic,MTT,jgh5WISv687i2kacliopS8
/SYS,DWH_Snowflake,Connection,6wNQOvJxEYRlQbGG5iOVcP
/Explore/Dynamic SCD Type-2,M_CreateTable_Snowflake,DTEMPLATE,fKlltu449aVfSsiewrvoUG
/Explore/Dynamic SCD Type-2,M_Dynamic,DTEMPLATE,4XJtDTnDGRZkwoAcUZppot
/Explore/Dynamic SCD Type-2,M_SQL_Snowflake_SCD2,DTEMPLATE,5524xGTVQulglAd4wwIYy2