{
  "name" : "IICS-CLI-2020-06-08T14:12:13Z",
  "sourceOrgId" : "aquCp1LNY8OjYXGrSvBtY9",
  "sourceOrgName" : "Informatica Business Solutions PVT Ltd",
  "exportedObjects" : [ {
    "objectGuid" : "4qu4lKyS5aVet4I0K9rAuB",
    "objectName" : "MT_CreateTable_Snowflake",
    "objectType" : "MTT",
    "path" : "/Explore/Dynamic SCD Type-2",
    "metadata" : {
      "modelVersion" : {
        "major" : 0,
        "minor" : 0
      },
      "repoInfo" : {
        "repoHandle" : "01070O0Z00000000001A"
      },
      "objectRefs" : [ "fKlltu449aVfSsiewrvoUG", "2ySd5YIyAUjd18nYz0zwc8", "5lXhDiZc1WcgqMwd3tp8kF", "6wNQOvJxEYRlQbGG5iOVcP" ],
      "contextAttributes" : [ {
        "name" : "id",
        "value" : "@1"
      } ],
      "additionalInfo" : {
        "description" : "",
        "contentType" : "JSON",
        "documentState" : "VALID"
      }
    }
  }, {
    "objectGuid" : "eZRkth6CYAEkIznesXabUP",
    "objectName" : "MT_SQL_Snowflake_SCD2",
    "objectType" : "MTT",
    "path" : "/Explore/Dynamic SCD Type-2",
    "metadata" : {
      "modelVersion" : {
        "major" : 0,
        "minor" : 0
      },
      "repoInfo" : {
        "repoHandle" : "01070O0Z00000000001C"
      },
      "objectRefs" : [ "2ySd5YIyAUjd18nYz0zwc8", "5lXhDiZc1WcgqMwd3tp8kF", "5Nqj6ODds2HctiPoBx6iWZ", "5524xGTVQulglAd4wwIYy2", "6wNQOvJxEYRlQbGG5iOVcP" ],
      "contextAttributes" : [ {
        "name" : "id",
        "value" : "@1"
      } ],
      "additionalInfo" : {
        "description" : "",
        "contentType" : "JSON",
        "documentState" : "VALID"
      }
    }
  }, {
    "objectGuid" : "2ySd5YIyAUjd18nYz0zwc8",
    "objectName" : "Akshat",
    "objectType" : "AgentGroup",
    "path" : "/SYS",
    "metadata" : {
      "modelVersion" : {
        "major" : 0,
        "minor" : 0
      },
      "repoInfo" : {
        "repoHandle" : "01070O25000000000002"
      },
      "objectRefs" : [ ],
      "contextAttributes" : [ {
        "name" : "id",
        "value" : "@1"
      } ],
      "additionalInfo" : {
        "description" : null,
        "contentType" : "JSON",
        "documentState" : "VALID"
      }
    }
  }, {
    "objectGuid" : "5lXhDiZc1WcgqMwd3tp8kF",
    "objectName" : "Test_DB",
    "objectType" : "Connection",
    "path" : "/SYS",
    "metadata" : {
      "modelVersion" : {
        "major" : 0,
        "minor" : 0
      },
      "repoInfo" : {
        "repoHandle" : "01070O0B000000000002"
      },
      "objectRefs" : [ "2ySd5YIyAUjd18nYz0zwc8" ],
      "contextAttributes" : [ {
        "name" : "id",
        "value" : "@1"
      } ],
      "additionalInfo" : {
        "description" : null,
        "contentType" : "JSON",
        "documentState" : "COMPLETE"
      }
    }
  }, {
    "objectGuid" : "2bGwZsfHCTBjcgMlbUdaku",
    "objectName" : "Dynamic SCD Type-2",
    "objectType" : "Project",
    "path" : "/Explore",
    "metadata" : {
      "modelVersion" : {
        "major" : 0,
        "minor" : 0
      },
      "repoInfo" : null,
      "objectRefs" : [ ],
      "contextAttributes" : [ ],
      "additionalInfo" : {
        "description" : "My Use Case: Creation of Dynamic SCD-Type-2 Mapping and Task, can be used in Creation of New Mapping task using Rest API for ICM Utility. ",
        "contentType" : "Binary",
        "documentState" : "COMPLETE"
      }
    }
  }, {
    "objectGuid" : "5Nqj6ODds2HctiPoBx6iWZ",
    "objectName" : "DWH_Snowflake_update",
    "objectType" : "Connection",
    "path" : "/SYS",
    "metadata" : {
      "modelVersion" : {
        "major" : 0,
        "minor" : 0
      },
      "repoInfo" : {
        "repoHandle" : "01070O0B00000000000Y"
      },
      "objectRefs" : [ "4eu6pr012mmc68TIhNYnIN" ],
      "contextAttributes" : [ {
        "name" : "id",
        "value" : "@1"
      } ],
      "additionalInfo" : {
        "description" : "To connect snowflake DWH Informatica Public Account",
        "contentType" : "JSON",
        "documentState" : "COMPLETE"
      }
    }
  }, {
    "objectGuid" : "4eu6pr012mmc68TIhNYnIN",
    "objectName" : "Informatica Cloud Hosted Agent",
    "objectType" : "AgentGroup",
    "path" : "/SYS",
    "metadata" : {
      "modelVersion" : {
        "major" : 0,
        "minor" : 0
      },
      "repoInfo" : {
        "repoHandle" : "025000000000002"
      },
      "objectRefs" : [ ],
      "contextAttributes" : null,
      "additionalInfo" : {
        "description" : "",
        "contentType" : "JSON",
        "documentState" : "VALID"
      }
    }
  }, {
    "objectGuid" : "jgh5WISv687i2kacliopS8",
    "objectName" : "MT_Dynamic",
    "objectType" : "MTT",
    "path" : "/Explore/Dynamic SCD Type-2",
    "metadata" : {
      "modelVersion" : {
        "major" : 0,
        "minor" : 0
      },
      "repoInfo" : {
        "repoHandle" : "01070O0Z00000000000W"
      },
      "objectRefs" : [ "2ySd5YIyAUjd18nYz0zwc8", "5lXhDiZc1WcgqMwd3tp8kF", "4XJtDTnDGRZkwoAcUZppot" ],
      "contextAttributes" : [ {
        "name" : "id",
        "value" : "@1"
      } ],
      "additionalInfo" : {
        "description" : "",
        "contentType" : "JSON",
        "documentState" : "VALID"
      }
    }
  }, {
    "objectGuid" : "6wNQOvJxEYRlQbGG5iOVcP",
    "objectName" : "DWH_Snowflake",
    "objectType" : "Connection",
    "path" : "/SYS",
    "metadata" : {
      "modelVersion" : {
        "major" : 0,
        "minor" : 0
      },
      "repoInfo" : {
        "repoHandle" : "01070O0B00000000000X"
      },
      "objectRefs" : [ "2ySd5YIyAUjd18nYz0zwc8" ],
      "contextAttributes" : [ {
        "name" : "id",
        "value" : "@1"
      } ],
      "additionalInfo" : {
        "description" : "To connect snowflake DWH Informatica Public Account",
        "contentType" : "JSON",
        "documentState" : "COMPLETE"
      }
    }
  }, {
    "objectGuid" : "fKlltu449aVfSsiewrvoUG",
    "objectName" : "M_CreateTable_Snowflake",
    "objectType" : "DTEMPLATE",
    "path" : "/Explore/Dynamic SCD Type-2",
    "metadata" : {
      "modelVersion" : {
        "major" : 0,
        "minor" : 0
      },
      "repoInfo" : {
        "repoHandle" : "01070O1700000000000X"
      },
      "objectRefs" : [ "6wNQOvJxEYRlQbGG5iOVcP" ],
      "contextAttributes" : [ {
        "name" : "id",
        "value" : "@1"
      } ],
      "additionalInfo" : {
        "description" : "",
        "contentType" : "JSON",
        "documentState" : "VALID"
      }
    }
  }, {
    "objectGuid" : "4XJtDTnDGRZkwoAcUZppot",
    "objectName" : "M_Dynamic",
    "objectType" : "DTEMPLATE",
    "path" : "/Explore/Dynamic SCD Type-2",
    "metadata" : {
      "modelVersion" : {
        "major" : 0,
        "minor" : 0
      },
      "repoInfo" : {
        "repoHandle" : "01070O1700000000000V"
      },
      "objectRefs" : [ ],
      "contextAttributes" : [ {
        "name" : "id",
        "value" : "@1"
      } ],
      "additionalInfo" : {
        "description" : "",
        "contentType" : "JSON",
        "documentState" : "VALID"
      }
    }
  }, {
    "objectGuid" : "5524xGTVQulglAd4wwIYy2",
    "objectName" : "M_SQL_Snowflake_SCD2",
    "objectType" : "DTEMPLATE",
    "path" : "/Explore/Dynamic SCD Type-2",
    "metadata" : {
      "modelVersion" : {
        "major" : 0,
        "minor" : 0
      },
      "repoInfo" : {
        "repoHandle" : "01070O1700000000000W"
      },
      "objectRefs" : [ "5Nqj6ODds2HctiPoBx6iWZ", "6wNQOvJxEYRlQbGG5iOVcP" ],
      "contextAttributes" : [ {
        "name" : "id",
        "value" : "@1"
      } ],
      "additionalInfo" : {
        "description" : "",
        "contentType" : "JSON",
        "documentState" : "VALID"
      }
    }
  } ]
}