{
  "name" : "IICS-CLI-2020-06-08T13:53:23Z",
  "sourceOrgId" : "aquCp1LNY8OjYXGrSvBtY9",
  "sourceOrgName" : "Informatica Business Solutions PVT Ltd",
  "exportedObjects" : [ {
    "objectGuid" : "i5jOndPV1SIeJI2VoWLgKd",
    "objectName" : "MP-ParseJson-to-Csv",
    "objectType" : "PROCESS",
    "path" : "/Explore/Parse Json into CSV",
    "metadata" : {
      "modelVersion" : {
        "major" : 1,
        "minor" : 0
      },
      "repoInfo" : {
        "repoHandle" : "kQ0ARabbfTQbdxW-gt-121109-2020-06-04T10:14:38.164Z::pd.xml"
      },
      "objectRefs" : [ "8oTuDUKOrhWhFeKTZybeuc" ],
      "contextAttributes" : null,
      "additionalInfo" : {
        "description" : "",
        "contentType" : "application/json; charset=utf-8",
        "documentState" : "VALID"
      }
    }
  }, {
    "objectGuid" : "8oTuDUKOrhWhFeKTZybeuc",
    "objectName" : "Conn-JsontoCsv",
    "objectType" : "AI_CONNECTION",
    "path" : "/Explore/Parse Json into CSV",
    "metadata" : {
      "modelVersion" : {
        "major" : 1,
        "minor" : 0
      },
      "repoInfo" : {
        "repoHandle" : "2sBsoZduD2L5SeE-gt-643417-2020-06-04T10:14:37.856Z::conn.xml"
      },
      "objectRefs" : [ ],
      "contextAttributes" : null,
      "additionalInfo" : {
        "description" : "",
        "contentType" : "application/json; charset=utf-8",
        "documentState" : "VALID"
      }
    }
  }, {
    "objectGuid" : "3Twso1J3Qqdghlz26IBUMz",
    "objectName" : "MP-ParseJson-to-Csv-Rest",
    "objectType" : "PROCESS",
    "path" : "/Explore/Parse Json into CSV",
    "metadata" : {
      "modelVersion" : {
        "major" : 1,
        "minor" : 0
      },
      "repoInfo" : {
        "repoHandle" : "aaabdqpw0VPNzUz-gt-1016052-2020-06-04T10:14:38.011Z::pd.xml"
      },
      "objectRefs" : [ "8oTuDUKOrhWhFeKTZybeuc", "iMj9J6rXm2wcMX8RuOgPCC" ],
      "contextAttributes" : null,
      "additionalInfo" : {
        "description" : "",
        "contentType" : "application/json; charset=utf-8",
        "documentState" : "VALID"
      }
    }
  }, {
    "objectGuid" : "iMj9J6rXm2wcMX8RuOgPCC",
    "objectName" : "Json-to-Csv",
    "objectType" : "PROCESS_OBJECT",
    "path" : "/Explore/Parse Json into CSV",
    "metadata" : {
      "modelVersion" : {
        "major" : 1,
        "minor" : 0
      },
      "repoInfo" : {
        "repoHandle" : "SJhtghGZ5i4rswV-gt-121097-2020-06-04T10:14:37.718Z::po.xml"
      },
      "objectRefs" : [ ],
      "contextAttributes" : null,
      "additionalInfo" : {
        "description" : "",
        "contentType" : "application/json; charset=utf-8",
        "documentState" : "VALID"
      }
    }
  }, {
    "objectGuid" : "5MotqsJg4iHlMvSAtoJCaU",
    "objectName" : "Parse Json into CSV",
    "objectType" : "Project",
    "path" : "/Explore",
    "metadata" : {
      "modelVersion" : {
        "major" : 0,
        "minor" : 0
      },
      "repoInfo" : null,
      "objectRefs" : [ ],
      "contextAttributes" : [ ],
      "additionalInfo" : {
        "description" : "My Use Case: 1. Parse incoming Json file into CSV File. 2. Parse Json Rest API Payload into CSV File.",
        "contentType" : "Binary",
        "documentState" : "COMPLETE"
      }
    }
  } ]
}