<aetgt:getResponse xmlns:aetgt="http://schemas.active-endpoints.com/appmodules/repository/2010/10/avrepository.xsd"
                   xmlns:types1="http://schemas.active-endpoints.com/appmodules/repository/2010/10/avrepository.xsd">
   <types1:Item>
      <types1:EntryId>2sBsoZduD2L5SeE-gt-643417-2020-06-04T10:14:37.856Z::conn.xml</types1:EntryId>
      <types1:Name>Conn-JsontoCsv</types1:Name>
      <types1:ParentFlowIds>aaabdqpw0VPNzUz-gt-1016052-2020-06-04T10:14:38.011Z::pd.xml,kQ0ARabbfTQbdxW-gt-121109-2020-06-04T10:14:38.164Z::pd.xml</types1:ParentFlowIds>
      <types1:MimeType>application/xml+connection</types1:MimeType>
      <types1:Description/>
      <types1:AppliesTo/>
      <types1:Tags>.agent:INW1PF16QL98</types1:Tags>
      <types1:VersionLabel>1.0</types1:VersionLabel>
      <types1:State>CURRENT</types1:State>
      <types1:ProcessGroup/>
      <types1:CreatedBy>akshat.upadhyay</types1:CreatedBy>
      <types1:CreationDate>2020-06-04T10:14:38Z</types1:CreationDate>
      <types1:ModifiedBy>akshat.upadhyay</types1:ModifiedBy>
      <types1:ModificationDate>2020-06-04T10:28:47Z</types1:ModificationDate>
      <types1:PublicationStatus>published</types1:PublicationStatus>
      <types1:PublishedBy>akshat.upadhyay</types1:PublishedBy>
      <types1:PublicationDate>2020-06-04T10:29:01Z</types1:PublicationDate>
      <types1:PublishedContributionId>project:/rt.connection/Conn-JsontoCsv/Conn-JsontoCsv.conn.xml</types1:PublishedContributionId>
      <types1:AutosaveExists>false</types1:AutosaveExists>
      <types1:Entry>
         <connection xmlns="http://schemas.informatica.com/socrates/data-services/2014/04/avosConnections.xsd"
                     displayName="Conn-JsontoCsv"
                     label="Conn-JsontoCsv"
                     name="Conn-JsontoCsv">
            <description/>
            <tags>.agent:INW1PF16QL98</tags>
            <agent>INW1PF16QL98</agent>
            <attributes/>
            <consumers>
               <consumer enabled="true" name="FileParser" typeName="FileParser">
                  <description>Use this event source to monitor folders for new files and process file information and content.</description>
                  <attributes>
                     <attribute encrypted="false"
                                name="directoryName"
                                value="C:\Users\akupadhy\Documents\CAIFlatFiles\ReadJson\Input"/>
                     <attribute encrypted="false" name="recursive" value="false"/>
                     <attribute encrypted="false" name="include" value=""/>
                     <attribute encrypted="false" name="exclude" value=""/>
                     <attribute encrypted="false" name="noop" value="false"/>
                     <attribute encrypted="false" name="delete" value="false"/>
                     <attribute encrypted="false" name="preMove" value=""/>
                     <attribute encrypted="false"
                                name="move"
                                value="C:\Users\akupadhy\Documents\CAIFlatFiles\ReadJson\Processed"/>
                     <attribute encrypted="false"
                                name="moveFailed"
                                value="C:\Users\akupadhy\Documents\CAIFlatFiles\ReadJson\Error"/>
                     <attribute encrypted="false" name="initialDelay" value="1"/>
                     <attribute encrypted="false" name="delay" value="1"/>
                     <attribute encrypted="false" name="maxMessagesPerPoll" value="1"/>
                     <attribute encrypted="false" name="readLock" value="rename"/>
                     <attribute encrypted="false" name="readLockTimeout" value=""/>
                     <attribute encrypted="false" name="readLockCheckInterval" value=""/>
                     <attribute encrypted="false" name="readLockMinLength" value=""/>
                     <attribute encrypted="false" name="readLockLoggingLevel" value="WARN"/>
                     <attribute encrypted="false" name="charset" value=""/>
                     <attribute encrypted="false" name="otherAttributes" value=""/>
                     <attribute encrypted="false" name="contentFormat" value="JSON"/>
                     <attribute encrypted="false" name="simplifyContent" value="false"/>
                     <attribute encrypted="false" name="singleObjectContent" value="false"/>
                  </attributes>
               </consumer>
            </consumers>
            <producers>
               <producer enabled="true"
                         name="DelimitedContentWriter"
                         typeName="DelimitedContentWriter">
                  <description>Use this event target to serialize process objects to delimited content files, such as CSV, and save them to files on a disk.</description>
                  <attributes>
                     <attribute encrypted="false"
                                name="directoryName"
                                value="C:\Users\akupadhy\Documents\CAIFlatFiles\ReadJson\Target"/>
                     <attribute encrypted="false" name="fileExist" value="Override"/>
                     <attribute encrypted="false" name="moveExisting" value=""/>
                     <attribute encrypted="false" name="eagerDeleteTargetFile" value="true"/>
                     <attribute encrypted="false" name="tempPrefix" value=""/>
                     <attribute encrypted="false" name="tempFileName" value=""/>
                     <attribute encrypted="false" name="forceWrites" value="true"/>
                     <attribute encrypted="false" name="bufferSize" value=""/>
                     <attribute encrypted="false" name="charset" value=""/>
                     <attribute encrypted="false" name="delimiter" value=","/>
                     <attribute encrypted="false" name="textQualifier" value="&#34;"/>
                     <attribute encrypted="false" name="skipHeaders" value="false"/>
                     <attribute encrypted="false" name="lineEnding" value="Windows"/>
                  </attributes>
               </producer>
            </producers>
            <javaConnector xmlns="http://schemas.informatica.com/appmodules/screenflow/2014/04/avosConnectors.xsd"
                           agentOnly="true"
                           plugin="Camel"
                           supportsConnectionTest="true"
                           supportsDataPreview="false"
                           supportsOData="false"
                           type="File"
                           uuid="ac000300-d9fe-11e4-8830-0800200c9a66">
               <description>Provides connections to file monitoring brokers.</description>
            </javaConnector>
         </connection>
      </types1:Entry>
      <types1:GUID>8oTuDUKOrhWhFeKTZybeuc</types1:GUID>
      <types1:DisplayName>Conn-JsontoCsv</types1:DisplayName>
   </types1:Item>
   <types1:CurrentServerDateTime>2020-06-08T13:53:24.921Z</types1:CurrentServerDateTime>
</aetgt:getResponse>
