<aetgt:getResponse xmlns:aetgt="http://schemas.active-endpoints.com/appmodules/repository/2010/10/avrepository.xsd"
                   xmlns:types1="http://schemas.active-endpoints.com/appmodules/repository/2010/10/avrepository.xsd">
   <types1:Item>
      <types1:EntryId>SJhtghGZ5i4rswV-gt-121097-2020-06-04T10:14:37.718Z::po.xml</types1:EntryId>
      <types1:Name>Json-to-Csv</types1:Name>
      <types1:MimeType>application/xml+processobject</types1:MimeType>
      <types1:Description/>
      <types1:AppliesTo/>
      <types1:Tags/>
      <types1:VersionLabel>1.0</types1:VersionLabel>
      <types1:State>CURRENT</types1:State>
      <types1:ProcessGroup/>
      <types1:CreatedBy>akshat.upadhyay</types1:CreatedBy>
      <types1:CreationDate>2020-06-04T10:14:38Z</types1:CreationDate>
      <types1:ModifiedBy>akshat.upadhyay</types1:ModifiedBy>
      <types1:ModificationDate>2020-06-04T10:14:58Z</types1:ModificationDate>
      <types1:PublicationStatus>unpublished</types1:PublicationStatus>
      <types1:AutosaveExists>false</types1:AutosaveExists>
      <types1:Entry>
         <processObject xmlns="http://schemas.active-endpoints.com/appmodules/screenflow/2011/06/avosHostEnvironment.xsd"
                        displayName="Json-to-Csv"
                        isByCopy="true"
                        name="Json-to-Csv">
            <description/>
            <tags/>
            <detail>
               <field label="Name" name="Name" type="string"/>
               <field label="Age" name="Age" type="string"/>
               <field label="Department" name="Department" type="string"/>
            </detail>
         </processObject>
      </types1:Entry>
      <types1:GUID>iMj9J6rXm2wcMX8RuOgPCC</types1:GUID>
      <types1:DisplayName>Json-to-Csv</types1:DisplayName>
   </types1:Item>
   <types1:CurrentServerDateTime>2020-06-08T13:53:24.93Z</types1:CurrentServerDateTime>
</aetgt:getResponse>
