<aetgt:getResponse xmlns:aetgt="http://schemas.active-endpoints.com/appmodules/repository/2010/10/avrepository.xsd"
                   xmlns:types1="http://schemas.active-endpoints.com/appmodules/repository/2010/10/avrepository.xsd">
   <types1:Item>
      <types1:EntryId>aaabdqpw0VPNzUz-gt-1016052-2020-06-04T10:14:38.011Z::pd.xml</types1:EntryId>
      <types1:Name>MP-ParseJson-to-Csv-Rest</types1:Name>
      <types1:MimeType>application/xml+process</types1:MimeType>
      <types1:Description/>
      <types1:AppliesTo/>
      <types1:Tags>.anonymous</types1:Tags>
      <types1:VersionLabel>1.0</types1:VersionLabel>
      <types1:State>CURRENT</types1:State>
      <types1:ProcessGroup/>
      <types1:CreatedBy>akshat.upadhyay</types1:CreatedBy>
      <types1:CreationDate>2020-06-04T10:14:38Z</types1:CreationDate>
      <types1:ModifiedBy>akshat.upadhyay</types1:ModifiedBy>
      <types1:ModificationDate>2020-06-04T10:52:35Z</types1:ModificationDate>
      <types1:PublicationStatus>published</types1:PublicationStatus>
      <types1:PublishedBy>akshat.upadhyay</types1:PublishedBy>
      <types1:PublicationDate>2020-06-04T10:53:13Z</types1:PublicationDate>
      <types1:PublishedContributionId>project:/spi.MP-ParseJson-to-Csv-Rest/MP-ParseJson-to-Csv-Rest.pd.xml</types1:PublishedContributionId>
      <types1:AutosaveExists>false</types1:AutosaveExists>
      <types1:Entry>
         <process xmlns="http://schemas.active-endpoints.com/appmodules/screenflow/2010/10/avosScreenflow.xsd"
                  xmlns:list="urn:activevos:spi:list:functions"
                  displayName="MP-ParseJson-to-Csv-Rest"
                  name="MP-ParseJson-to-Csv-Rest"
                  overrideAPIName="true">
            <appliesTo/>
            <description/>
            <tags>.anonymous</tags>
            <generator>Informatica Process Designer 11</generator>
            <input>
               <parameter description="" name="Input" type="objectlist">
                  <options>
                     <option name="referenceTo">$po:$any</option>
                     <option hide="true" name="multiSelect">true</option>
                     <option name="required">false</option>
                     <option name="isCopy">true</option>
                  </options>
               </parameter>
            </input>
            <tempFields>
               <field description="" name="Temp_Object" type="objectlist">
                  <options>
                     <option name="referenceTo">$po:Json-to-Csv</option>
                     <option hide="true" name="multiSelect">true</option>
                     <option name="required">false</option>
                     <option name="isCopy">true</option>
                     <option name="guid">iMj9J6rXm2wcMX8RuOgPCC</option>
                  </options>
               </field>
               <field description="" name="Temp_WriteData" type="objectlist">
                  <options>
                     <option name="referenceTo">Conn-JsontoCsv:SerializeToDelimitedContentTask</option>
                     <option hide="true" name="multiSelect">true</option>
                     <option name="required">false</option>
                     <option name="isCopy">true</option>
                     <option name="guid">8oTuDUKOrhWhFeKTZybeuc</option>
                  </options>
               </field>
               <field description="" name="Count" type="int">
                  <options>
                     <option name="required">false</option>
                  </options>
               </field>
               <field description="" name="RowNum" type="int">
                  <options>
                     <option name="required">false</option>
                     <option hide="true" name="initialvalue">0</option>
                  </options>
               </field>
               <field description="" name="Temp_PO" type="reference">
                  <options>
                     <option name="referenceTo">$po:$any</option>
                     <option name="required">false</option>
                     <option name="isCopy">true</option>
                  </options>
               </field>
               <field description="" name="Temp_Filename" type="string">
                  <options>
                     <option name="required">false</option>
                  </options>
               </field>
            </tempFields>
            <notes/>
            <deployment suspendOnFault="false" tracingLevel="verbose">
               <rest>
                  <allowAnonymousAccess/>
                  <wholePayload inputWholePayload="true"/>
               </rest>
            </deployment>
            <flow id="a">
               <start id="b">
                  <link id="kaxudvm9" targetId="kaxudvm8"/>
               </start>
               <assignment id="kaxudvm8">
                  <title>Count Input Records</title>
                  <operation source="formula" to="temp.Count">
                     <expression language="XQuery">list:count($input.Input/Info)</expression>
                  </operation>
                  <operation source="formula" to="temp.Temp_Filename">
                     <expression language="XQuery">let $a := 'JsonParsedFileRest_'
let $b := fn:current-date()
let $c := '.csv'
let $d := fn:concat($a, $b)
let $e := fn:concat($d, $c)
return 
$e</expression>
                  </operation>
                  <link id="kaxudvma" targetId="kaxr0a7o"/>
               </assignment>
               <assignment id="kaxr0a7o">
                  <title>Assign to Temp Object</title>
                  <operation source="formula" to="temp.RowNum">
                     <expression language="XQuery">$temp.RowNum +1</expression>
                  </operation>
                  <operation source="formula" to="temp.Temp_PO">
                     <expression language="XQuery">for $rows in $input.Input
return
&lt;Json-to-Csv&gt;
   &lt;Name&gt;{$rows/Info[$temp.RowNum]/Name/text()}&lt;/Name&gt;
   &lt;Age&gt;{$rows/Info[$temp.RowNum]/Age/text()}&lt;/Age&gt;
   &lt;Department&gt;{$rows/Info[$temp.RowNum]/Department/text()}&lt;/Department&gt;
&lt;/Json-to-Csv&gt;
</expression>
                  </operation>
                  <link id="kaxudvmp" targetId="kaxudvmo"/>
               </assignment>
               <assignment id="kaxudvmo">
                  <title>Assign to Main Object</title>
                  <operation source="formula" to="temp.Temp_Object">
                     <function name="list:append">
                        <arg name="dest_field">{$temp.Temp_Object}</arg>
                        <arg name="new_field">{$temp.Temp_PO}</arg>
                     </function>
                  </operation>
                  <link id="kaxudvmq" targetId="kaxr0a7v"/>
               </assignment>
               <assignment id="kaxr0a7v">
                  <title>Assign to Temp WriteData</title>
                  <operation source="formula" to="temp.Temp_WriteData">
                     <expression language="XQuery">&lt;SerializeToDelimitedContentTask&gt;
   &lt;fileName&gt;{xs:string($temp.Temp_Filename)}&lt;/fileName&gt;
   &lt;skipHeaders&gt;false&lt;/skipHeaders&gt;
   { for $x in $temp.Temp_Object  
   return
    &lt;customObjects&gt;
   &lt;Emp_Name&gt;{$x/Name/text()}&lt;/Emp_Name&gt;
   &lt;Emp_Age&gt;{$x/Age/text()}&lt;/Emp_Age&gt;
   &lt;Emp_Dept&gt;{$x/Department/text()}&lt;/Emp_Dept&gt;
   &lt;/customObjects&gt;}
&lt;/SerializeToDelimitedContentTask&gt;</expression>
                  </operation>
                  <link id="kaxudvo2" targetId="kaxudvo1"/>
               </assignment>
               <container id="kaxudvo1" type="exclusive">
                  <title>List Complete?</title>
                  <flow id="kaxudvo5">
                     <service id="kaxudvol">
                        <title>Call to Writer</title>
                        <serviceName>Conn-JsontoCsv:DelimitedContentWriter</serviceName>
                        <serviceGUID>8oTuDUKOrhWhFeKTZybeuc</serviceGUID>
                        <serviceInput>
                           <parameter name="serializationTask" source="field" updatable="true">temp.Temp_WriteData</parameter>
                        </serviceInput>
                     </service>
                     <link id="kaxudvo6" targetId="kaxudvo1" type="containerLink"/>
                  </flow>
                  <flow id="kaxudvo8">
                     <jumpTo id="kaxudvov">
                        <link id="kaxudvow" targetId="kaxr0a7o"/>
                     </jumpTo>
                  </flow>
                  <link id="kaxudvo4" targetId="kaxudvo5" type="containerLink">
                     <condition source="formula">
                        <function name="equals">
                           <arg name="left">{$temp.RowNum}</arg>
                           <arg name="right">{$temp.Count }</arg>
                        </function>
                     </condition>
                  </link>
                  <link id="kaxudvo7" targetId="kaxudvo8" type="containerLink"/>
                  <link id="kaxudvok" targetId="kaxudvl2"/>
               </container>
               <end id="kaxudvl2">
                  <title>End 1</title>
               </end>
            </flow>
         </process>
      </types1:Entry>
      <types1:GUID>3Twso1J3Qqdghlz26IBUMz</types1:GUID>
      <types1:DisplayName>MP-ParseJson-to-Csv-Rest</types1:DisplayName>
   </types1:Item>
   <types1:CurrentServerDateTime>2020-06-08T13:53:25.066Z</types1:CurrentServerDateTime>
</aetgt:getResponse>
