<aetgt:getResponse xmlns:aetgt="http://schemas.active-endpoints.com/appmodules/repository/2010/10/avrepository.xsd"
                   xmlns:types1="http://schemas.active-endpoints.com/appmodules/repository/2010/10/avrepository.xsd">
   <types1:Item>
      <types1:EntryId>kQ0ARabbfTQbdxW-gt-121109-2020-06-04T10:14:38.164Z::pd.xml</types1:EntryId>
      <types1:Name>MP-ParseJson-to-Csv</types1:Name>
      <types1:MimeType>application/xml+process</types1:MimeType>
      <types1:Description/>
      <types1:AppliesTo/>
      <types1:Tags>.agent:INW1PF16QL98</types1:Tags>
      <types1:VersionLabel>1.0</types1:VersionLabel>
      <types1:State>CURRENT</types1:State>
      <types1:ProcessGroup/>
      <types1:CreatedBy>akshat.upadhyay</types1:CreatedBy>
      <types1:CreationDate>2020-06-04T10:14:38Z</types1:CreationDate>
      <types1:ModifiedBy>akshat.upadhyay</types1:ModifiedBy>
      <types1:ModificationDate>2020-06-04T10:43:48Z</types1:ModificationDate>
      <types1:PublicationStatus>published</types1:PublicationStatus>
      <types1:PublishedBy>akshat.upadhyay</types1:PublishedBy>
      <types1:PublicationDate>2020-06-04T10:43:56Z</types1:PublicationDate>
      <types1:PublishedContributionId>project:/spi.MP-ParseJson-to-Csv/MP-ParseJson-to-Csv.pd.xml</types1:PublishedContributionId>
      <types1:AutosaveExists>false</types1:AutosaveExists>
      <types1:Entry>
         <process xmlns="http://schemas.active-endpoints.com/appmodules/screenflow/2010/10/avosScreenflow.xsd"
                  xmlns:list="urn:activevos:spi:list:functions"
                  displayName="MP-ParseJson-to-Csv"
                  name="MP-ParseJson-to-Csv"
                  overrideAPIName="true">
            <appliesTo/>
            <description/>
            <tags>.agent:INW1PF16QL98</tags>
            <generator>Informatica Process Designer 11</generator>
            <input>
               <parameter description="" name="fileEvent" type="reference">
                  <options>
                     <option name="required">false</option>
                     <option name="referenceTo">Conn-JsontoCsv:ParsedFileContent</option>
                     <option name="isCopy">true</option>
                  </options>
               </parameter>
            </input>
            <tempFields>
               <field description="" name="Temp_WriteData" type="objectlist">
                  <options>
                     <option name="referenceTo">Conn-JsontoCsv:SerializeToDelimitedContentTask</option>
                     <option hide="true" name="multiSelect">true</option>
                     <option name="required">false</option>
                     <option name="isCopy">true</option>
                     <option name="guid">8oTuDUKOrhWhFeKTZybeuc</option>
                  </options>
               </field>
            </tempFields>
            <notes/>
            <deployment suspendOnFault="false" tracingLevel="verbose">
               <targetLocation>INW1PF16QL98</targetLocation>
               <event eventSource="Conn-JsontoCsv:FileParser"/>
            </deployment>
            <flow id="a">
               <start id="b">
                  <link id="kaxgbz84" targetId="kaxgbz83"/>
               </start>
               <assignment id="kaxgbz83">
                  <title>Assign data to writer</title>
                  <operation source="formula" to="temp.Temp_WriteData">
                     <expression language="XQuery">&lt;SerializeToDelimitedContentTask&gt;
   &lt;fileName&gt;JsonParsedFile.csv&lt;/fileName&gt;
   &lt;skipHeaders&gt;false&lt;/skipHeaders&gt;
   {for $x in $input.fileEvent[1]/content 
   return
   &lt;customObjects&gt;
   &lt;Emp_Name&gt;{$x/Info/Name/text()}&lt;/Emp_Name&gt;
   &lt;Emp_Age&gt;{$x/Info/Age/text()}&lt;/Emp_Age&gt;
   &lt;Emp_Dept&gt;{$x/Info/Department/text()}&lt;/Emp_Dept&gt;
   &lt;/customObjects&gt;}
&lt;/SerializeToDelimitedContentTask&gt;
</expression>
                  </operation>
                  <link id="kaxgbz8b" targetId="kaxgbz8a"/>
               </assignment>
               <service id="kaxgbz8a">
                  <title>Call to Writer</title>
                  <serviceName>Conn-JsontoCsv:DelimitedContentWriter</serviceName>
                  <serviceGUID>8oTuDUKOrhWhFeKTZybeuc</serviceGUID>
                  <serviceInput>
                     <parameter name="serializationTask" source="field" updatable="true">temp.Temp_WriteData</parameter>
                  </serviceInput>
                  <link id="kaxgbz8c" targetId="c"/>
               </service>
               <end id="c"/>
            </flow>
         </process>
      </types1:Entry>
      <types1:GUID>i5jOndPV1SIeJI2VoWLgKd</types1:GUID>
      <types1:DisplayName>MP-ParseJson-to-Csv</types1:DisplayName>
   </types1:Item>
   <types1:CurrentServerDateTime>2020-06-08T13:53:25.095Z</types1:CurrentServerDateTime>
</aetgt:getResponse>
